id,created_time,updated_time,title,kind,body_path,icon,cover,cover_offset,tags,date,url,full_width,database_id,row_id,page_file,path,parent_id,small_text
pg_home,2026-05-17T09:00:00.000Z,2026-05-28T00:36:18.658Z,Home,page,databases/system/pages--db_pages/pages/Home--pg_home.md,,,0,,,,false,pages,pg_home,Home--pg_home.md,,,false
pg_weekly_review,2026-05-17T09:05:00.000Z,2026-05-27T01:52:05.893Z,Weekly Review,page,databases/system/pages--db_pages/pages/Weekly_Review--pg_weekly_review.md,,,0,,,,false,pages,pg_weekly_review,Weekly_Review--pg_weekly_review.md,,,false
pg_markdown_lab,2026-05-17T09:30:00.000Z,2026-05-28T00:36:17.411Z,Markdown Lab,page,databases/system/pages--db_pages/pages/Markdown_Lab--pg_markdown_lab.md,,,0,,,,false,pages,pg_markdown_lab,Markdown_Lab--pg_markdown_lab.md,,,false
pg_database_lab,2026-05-17T09:35:00.000Z,2026-05-17T09:35:00.000Z,Database Lab,page,databases/system/pages--db_pages/pages/Database_Lab--pg_database_lab.md,,,0,,,,false,pages,pg_database_lab,Database_Lab--pg_database_lab.md,,,false
pg_search_lab,2026-05-17T09:40:00.000Z,2026-05-17T09:40:00.000Z,Search Lab Alpha Invoice Formula,page,databases/system/pages--db_pages/pages/Search_Lab_Alpha_Invoice_Formula--pg_search_lab.md,,,0,,,,false,pages,pg_search_lab,Search_Lab_Alpha_Invoice_Formula--pg_search_lab.md,,,false
pg_status_board,2026-05-17T18:30:00.000Z,2026-05-17T18:30:00.000Z,Status Board,page,databases/system/pages--db_pages/pages/Status_Board--pg_status_board.md,,,0,,,,false,pages,pg_status_board,Status_Board--pg_status_board.md,,,false
pg_triage,2026-05-17T18:30:30.000Z,2026-05-17T18:30:30.000Z,Triage Inbox,page,databases/system/pages--db_pages/pages/Triage_Inbox--pg_triage.md,,,0,,,,false,pages,pg_triage,Triage_Inbox--pg_triage.md,,,false
pg_kanban_plugin_test,2026-05-26T13:20:00.000Z,2026-05-26T13:20:00.000Z,Kanban Plugin Test,page,databases/system/pages--db_pages/pages/Kanban_Plugin_Test--pg_kanban_plugin_test.md,,,0,,,,false,pages,pg_kanban_plugin_test,Kanban_Plugin_Test--pg_kanban_plugin_test.md,,,false
pg_chinese_demo,2026-05-17T18:31:00.000Z,2026-05-26T23:31:11.704Z,中文视图测试,page,databases/system/pages--db_pages/pages/中文视图测试--pg_chinese_demo.md,,,0,,,,false,pages,pg_chinese_demo,中文视图测试--pg_chinese_demo.md,,,false
pg_scale_demo,2026-05-17T18:31:30.000Z,2026-05-26T23:30:43.586Z,Scale Demo · 20K embedded,page,databases/system/pages--db_pages/pages/Scale_Demo_·_20K_embedded--pg_scale_demo.md,,,0,,,,false,pages,pg_scale_demo,Scale_Demo_·_20K_embedded--pg_scale_demo.md,,,false
pg_markdown_showcase,2026-05-18T09:00:00.000Z,2026-05-28T00:36:23.570Z,Markdown Showcase,page,databases/system/pages--db_pages/pages/Markdown_Showcase--pg_markdown_showcase.md,,,0,,,,false,pages,pg_markdown_showcase,Markdown_Showcase--pg_markdown_showcase.md,,,false
